{
  "project_info": {
    "project_number": "790540364377",
    "project_id": "racketreadyapplication",
    "storage_bucket": "racketreadyapplication.appspot.com"
  },
  "client": [
    {
      "client_info": {
        "mobilesdk_app_id": "1:790540364377:android:2c760cc52025a5b5f15f48",
        "android_client_info": {
          "package_name": "racket.ready.application"
        }
      },
      "oauth_client": [],
      "api_key": [
        {
          "current_key": "AIzaSyCJscw7K3Yhk0PZumnRhJAHrrdqJA3O1os"
        }
      ],
      "services": {
        "appinvite_service": {
          "other_platform_oauth_client": []
        }
      }
    }
  ],
  "configuration_version": "1"
}